GROUP,PACKAGE,CLASS,INSTRUCTION_MISSED,INSTRUCTION_COVERED,BRANCH_MISSED,BRANCH_COVERED,LINE_MISSED,LINE_COVERED,COMPLEXITY_MISSED,COMPLEXITY_COVERED,METHOD_MISSED,METHOD_COVERED
CalculatorCW,uk.ac.rhul.cs2800,TestBadType,18,0,0,0,7,0,2,0,2,0
CalculatorCW,uk.ac.rhul.cs2800,Symbol,0,98,0,0,0,14,0,3,0,3
CalculatorCW,uk.ac.rhul.cs2800,TestEntry,123,0,0,0,38,0,5,0,5,0
CalculatorCW,uk.ac.rhul.cs2800,TestStackEmptyException,23,0,0,0,8,0,3,0,3,0
CalculatorCW,uk.ac.rhul.cs2800,InvalidExpressionException,0,4,0,0,0,2,0,1,0,1
CalculatorCW,uk.ac.rhul.cs2800,Type,3,49,0,0,1,10,1,3,1,3
CalculatorCW,uk.ac.rhul.cs2800,TestType,45,0,0,0,15,0,3,0,3,0
CalculatorCW,uk.ac.rhul.cs2800,StackEmptyException,0,7,0,0,0,3,0,2,0,2
CalculatorCW,uk.ac.rhul.cs2800,Stack,0,73,0,6,0,17,0,9,0,6
CalculatorCW,uk.ac.rhul.cs2800,Entry,113,90,26,6,21,22,15,10,2,7
CalculatorCW,uk.ac.rhul.cs2800,TestInvalidExpressionException,13,0,0,0,4,0,2,0,2,0
CalculatorCW,uk.ac.rhul.cs2800,TestStack,159,0,0,0,32,0,11,0,11,0
CalculatorCW,uk.ac.rhul.cs2800,BadType,0,4,0,0,0,2,0,1,0,1
CalculatorCW,uk.ac.rhul.cs2800,TestSymbol,40,0,0,0,11,0,2,0,2,0
